{
  "images" : [
    {
      "orientation" : "portrait",
      "idiom" : "ipad",
      "filename" : "LaunchImage-700-Portrait@2x~ipad.png",
      "extent" : "full-screen",
      "scale" : "2x"
    },
    {
      "extent" : "full-screen",
      "idiom" : "iphone",
      "subtype" : "736h",
      "filename" : "LaunchImage-800-Portrait-736h@3x.png",
      "minimum-system-version" : "8.0",
      "orientation" : "portrait",
      "scale" : "3x"
    },
    {
      "extent" : "full-screen",
      "idiom" : "iphone",
      "subtype" : "667h",
      "filename" : "LaunchImage-800-667h@2x.png",
      "minimum-system-version" : "8.0",
      "orientation" : "portrait",
      "scale" : "2x"
    },
    {
      "orientation" : "portrait",
      "idiom" : "iphone",
      "filename" : "LaunchImage-700@2x.png",
      "extent" : "full-screen",
      "minimum-system-version" : "7.0",
      "scale" : "2x"
    },
    {
      "extent" : "full-screen",
      "idiom" : "iphone",
      "subtype" : "retina4",
      "filename" : "LaunchImage-568h@2x.png",
      "minimum-system-version" : "7.0",
      "orientation" : "portrait",
      "scale" : "2x"
    },
    {
      "orientation" : "portrait",
      "idiom" : "ipad",
      "extent" : "full-screen",
      "minimum-system-version" : "7.0",
      "scale" : "1x"
    },
    {
      "orientation" : "landscape",
      "idiom" : "ipad",
      "extent" : "full-screen",
      "minimum-system-version" : "7.0",
      "scale" : "1x"
    },
    {
      "orientation" : "portrait",
      "idiom" : "ipad",
      "extent" : "full-screen",
      "minimum-system-version" : "7.0",
      "scale" : "2x"
    },
    {
      "orientation" : "landscape",
      "idiom" : "ipad",
      "extent" : "full-screen",
      "minimum-system-version" : "7.0",
      "scale" : "2x"
    },
    {
      "extent" : "full-screen",
      "idiom" : "iphone",
      "filename" : "LaunchImage@2x.png",
      "minimum-system-version" : "7.0",
      "orientation" : "portrait",
      "unassigned" : true,
      "scale" : "2x"
    },
    {
      "extent" : "full-screen",
      "idiom" : "iphone",
      "subtype" : "retina4",
      "filename" : "LaunchImage-700-568h@2x.png",
      "minimum-system-version" : "7.0",
      "orientation" : "portrait",
      "unassigned" : true,
      "scale" : "2x"
    },
    {
      "filename" : "AppIcon29x29.png",
      "unassigned" : true
    },
    {
      "filename" : "AppIcon29x29@2x.png",
      "unassigned" : true
    },
    {
      "filename" : "AppIcon57x57.png",
      "unassigned" : true
    },
    {
      "filename" : "AppIcon57x57@2x.png",
      "unassigned" : true
    },
    {
      "filename" : "AppIcon60x60@2x.png",
      "unassigned" : true
    },
    {
      "filename" : "AppIcon60x60@3x.png",
      "unassigned" : true
    },
    {
      "filename" : "AppIcon72x72@2x~ipad.png",
      "unassigned" : true
    },
    {
      "filename" : "AppIcon72x72~ipad.png",
      "unassigned" : true
    },
    {
      "filename" : "AppIcon76x76@2x~ipad.png",
      "unassigned" : true
    },
    {
      "filename" : "AppIcon76x76~ipad.png",
      "unassigned" : true
    }
  ],
  "info" : {
    "version" : 1,
    "author" : "xcode"
  }
}